DAY_OF_MONTH,DAY_OF_WEEK,FL_DATE,CARRIER,ORIGIN,ORIGIN_CITY_NAME,ORIGIN_STATE_NM,DEST,DEST_CITY_NAME,DEST_STATE_ABR,CRSDepTime,DepartureDelay,DepDelay15,TaxiInTime,ArrivalDelay,CRSDuration,ActualDuration,ActualAirTime),DISTANCE,DepDelayOver15,ArrDelayOver15
21,5,2/21/14,AS,OAK,"Oakland, CA",California,SEA,"Seattle, WA",WA,1845,-4,0,8,3,114,121,106,671,Departure Delay 15 min or less,Arrival Delay 15 min or less
21,1,4/21/14,WN,OAK,"Oakland, CA",California,SEA,"Seattle, WA",WA,1915,10,0,12,-9,120,101,83,671,Departure Delay 15 min or less,Arrival Delay 15 min or less
22,3,1/22/14,WN,OAK,"Oakland, CA",California,SEA,"Seattle, WA",WA,1405,-3,0,4,0,115,118,107,672,Departure Delay 15 min or less,Arrival Delay 15 min or less
24,4,4/24/14,VX,SFO,"San Francisco, CA",California,SEA,"Seattle, WA",WA,2025,-2,0,10,-11,120,111,89,679,Departure Delay 15 min or less,Arrival Delay 15 min or less
3,4,4/3/14,AS,OAK,"Oakland, CA",California,SEA,"Seattle, WA",WA,1845,12,0,10,16,114,118,91,671,Departure Delay 15 min or less,Arrival Delay more than 15 min
2,3,4/2/14,AS,SFO,"San Francisco, CA",California,SEA,"Seattle, WA",WA,1600,-9,0,5,-7,118,120,100,679,Departure Delay 15 min or less,Arrival Delay 15 min or less
20,7,4/20/14,VX,SFO,"San Francisco, CA",California,SEA,"Seattle, WA",WA,2025,-5,0,4,-14,120,111,93,679,Departure Delay 15 min or less,Arrival Delay 15 min or less
9,7,3/9/14,VX,SFO,"San Francisco, CA",California,SEA,"Seattle, WA",WA,1200,0,0,3,-16,120,104,91,679,Departure Delay 15 min or less,Arrival Delay 15 min or less
3,5,1/3/14,AS,SFO,"San Francisco, CA",California,SEA,"Seattle, WA",WA,915,-10,0,9,-6,125,129,103,679,Departure Delay 15 min or less,Arrival Delay 15 min or less
29,2,4/29/14,AS,SFO,"San Francisco, CA",California,SEA,"Seattle, WA",WA,2100,-1,0,5,-10,116,107,92,679,Departure Delay 15 min or less,Arrival Delay 15 min or less
30,7,3/30/14,VX,SFO,"San Francisco, CA",California,SEA,"Seattle, WA",WA,1605,-6,0,7,-16,125,115,95,679,Departure Delay 15 min or less,Arrival Delay 15 min or less
9,4,1/9/14,AS,SJC,"San Jose, CA",California,SEA,"Seattle, WA",WA,1720,-3,0,4,9,120,132,118,697,Departure Delay 15 min or less,Arrival Delay 15 min or less
30,3,4/30/14,AS,SJC,"San Jose, CA",California,SEA,"Seattle, WA",WA,1845,-7,0,7,-8,120,119,98,697,Departure Delay 15 min or less,Arrival Delay 15 min or less
17,1,2/17/14,WN,OAK,"Oakland, CA",California,SEA,"Seattle, WA",WA,1740,-4,0,4,-7,115,112,102,671,Departure Delay 15 min or less,Arrival Delay 15 min or less
25,5,4/25/14,AS,OAK,"Oakland, CA",California,SEA,"Seattle, WA",WA,620,-4,0,5,-12,119,111,92,671,Departure Delay 15 min or less,Arrival Delay 15 min or less
8,6,3/8/14,AS,OAK,"Oakland, CA",California,SEA,"Seattle, WA",WA,1845,-4,0,9,-8,114,110,91,671,Departure Delay 15 min or less,Arrival Delay 15 min or less
25,2,2/25/14,AS,SJC,"San Jose, CA",California,SEA,"Seattle, WA",WA,1720,-4,0,5,-13,120,111,94,697,Departure Delay 15 min or less,Arrival Delay 15 min or less
14,5,3/14/14,AS,SFO,"San Francisco, CA",California,SEA,"Seattle, WA",WA,2100,-7,0,14,17,113,137,107,679,Departure Delay 15 min or less,Arrival Delay more than 15 min
25,5,4/25/14,AS,SJC,"San Jose, CA",California,SEA,"Seattle, WA",WA,630,-9,0,5,-9,119,119,97,697,Departure Delay 15 min or less,Arrival Delay 15 min or less
8,3,1/8/14,AS,SFO,"San Francisco, CA",California,SEA,"Seattle, WA",WA,1250,24,1,6,24,120,120,98,679,Departure Delay more than 15 min,Arrival Delay more than 15 min
8,2,4/8/14,WN,SJC,"San Jose, CA",California,SEA,"Seattle, WA",WA,1230,-4,0,5,-19,125,110,96,697,Departure Delay 15 min or less,Arrival Delay 15 min or less
5,3,3/5/14,UA,SFO,"San Francisco, CA",California,SEA,"Seattle, WA",WA,630,-8,0,7,-15,133,126,95,679,Departure Delay 15 min or less,Arrival Delay 15 min or less
21,5,2/21/14,AS,SJC,"San Jose, CA",California,SEA,"Seattle, WA",WA,1010,-19,0,7,-12,120,127,105,697,Departure Delay 15 min or less,Arrival Delay 15 min or less
11,2,3/11/14,AS,SJC,"San Jose, CA",California,SEA,"Seattle, WA",WA,1725,-6,0,4,-2,124,128,108,697,Departure Delay 15 min or less,Arrival Delay 15 min or less
26,3,3/26/14,WN,OAK,"Oakland, CA",California,SEA,"Seattle, WA",WA,1555,8,0,5,16,110,118,99,671,Departure Delay 15 min or less,Arrival Delay more than 15 min
8,2,4/8/14,AS,SJC,"San Jose, CA",California,SEA,"Seattle, WA",WA,1540,-8,0,8,-12,119,115,98,697,Departure Delay 15 min or less,Arrival Delay 15 min or less
22,6,3/22/14,AS,SJC,"San Jose, CA",California,SEA,"Seattle, WA",WA,735,-4,0,4,-4,117,117,105,697,Departure Delay 15 min or less,Arrival Delay 15 min or less
13,1,1/13/14,AS,SFO,"San Francisco, CA",California,SEA,"Seattle, WA",WA,1950,-9,0,3,0,120,129,105,679,Departure Delay 15 min or less,Arrival Delay 15 min or less
1,2,4/1/14,AS,SFO,"San Francisco, CA",California,SEA,"Seattle, WA",WA,1005,45,1,6,56,119,130,93,679,Departure Delay more than 15 min,Arrival Delay more than 15 min
14,5,2/14/14,VX,SFO,"San Francisco, CA",California,SEA,"Seattle, WA",WA,1205,0,0,3,-13,120,107,94,679,Departure Delay 15 min or less,Arrival Delay 15 min or less
7,2,1/7/14,WN,SJC,"San Jose, CA",California,SEA,"Seattle, WA",WA,710,-3,0,4,13,125,141,128,697,Departure Delay 15 min or less,Arrival Delay 15 min or less
10,1,2/10/14,UA,SFO,"San Francisco, CA",California,SEA,"Seattle, WA",WA,1053,13,0,4,13,131,131,107,679,Departure Delay 15 min or less,Arrival Delay 15 min or less
12,3,3/12/14,OO,SFO,"San Francisco, CA",California,SEA,"Seattle, WA",WA,1417,47,1,6,31,132,116,96,679,Departure Delay more than 15 min,Arrival Delay more than 15 min
29,6,3/29/14,AS,SJC,"San Jose, CA",California,SEA,"Seattle, WA",WA,1725,-4,0,4,-15,124,113,97,697,Departure Delay 15 min or less,Arrival Delay 15 min or less
14,2,1/14/14,AS,SJC,"San Jose, CA",California,SEA,"Seattle, WA",WA,1845,-7,0,5,-10,125,122,109,697,Departure Delay 15 min or less,Arrival Delay 15 min or less
7,5,2/7/14,WN,OAK,"Oakland, CA",California,SEA,"Seattle, WA",WA,855,4,0,3,-1,120,115,101,671,Departure Delay 15 min or less,Arrival Delay 15 min or less
9,7,3/9/14,AS,OAK,"Oakland, CA",California,SEA,"Seattle, WA",WA,1845,2,0,7,-7,114,105,89,671,Departure Delay 15 min or less,Arrival Delay 15 min or less
25,2,2/25/14,AS,SFO,"San Francisco, CA",California,SEA,"Seattle, WA",WA,1255,41,1,4,24,125,108,89,679,Departure Delay more than 15 min,Arrival Delay more than 15 min
1,3,1/1/14,AS,SFO,"San Francisco, CA",California,SEA,"Seattle, WA",WA,1015,-7,0,5,-12,123,118,100,679,Departure Delay 15 min or less,Arrival Delay 15 min or less
25,2,2/25/14,AS,SFO,"San Francisco, CA",California,SEA,"Seattle, WA",WA,2100,-7,0,5,-8,116,115,89,679,Departure Delay 15 min or less,Arrival Delay 15 min or less
7,5,3/7/14,UA,SFO,"San Francisco, CA",California,SEA,"Seattle, WA",WA,700,-2,0,5,0,133,135,108,679,Departure Delay 15 min or less,Arrival Delay 15 min or less
11,5,4/11/14,WN,SJC,"San Jose, CA",California,SEA,"Seattle, WA",WA,715,0,0,4,-13,125,112,98,697,Departure Delay 15 min or less,Arrival Delay 15 min or less
6,1,1/6/14,UA,SFO,"San Francisco, CA",California,SEA,"Seattle, WA",WA,2100,6,0,7,-8,129,115,95,679,Departure Delay 15 min or less,Arrival Delay 15 min or less
22,2,4/22/14,AS,SFO,"San Francisco, CA",California,SEA,"Seattle, WA",WA,700,-14,0,4,-22,120,112,90,679,Departure Delay 15 min or less,Arrival Delay 15 min or less
2,4,1/2/14,WN,SJC,"San Jose, CA",California,SEA,"Seattle, WA",WA,1935,34,1,6,33,125,124,107,697,Departure Delay more than 15 min,Arrival Delay more than 15 min
17,5,1/17/14,VX,SFO,"San Francisco, CA",California,SEA,"Seattle, WA",WA,2005,2,0,8,0,120,118,99,679,Departure Delay 15 min or less,Arrival Delay 15 min or less
16,4,1/16/14,AS,SFO,"San Francisco, CA",California,SEA,"Seattle, WA",WA,2100,-7,0,9,-9,118,116,96,679,Departure Delay 15 min or less,Arrival Delay 15 min or less
7,1,4/7/14,UA,SFO,"San Francisco, CA",California,SEA,"Seattle, WA",WA,1327,5,0,6,-17,133,111,88,679,Departure Delay 15 min or less,Arrival Delay 15 min or less
3,5,1/3/14,AS,SJC,"San Jose, CA",California,SEA,"Seattle, WA",WA,1010,-6,0,5,2,120,128,111,697,Departure Delay 15 min or less,Arrival Delay 15 min or less
2,7,3/2/14,AS,OAK,"Oakland, CA",California,SEA,"Seattle, WA",WA,955,-11,0,11,-6,115,120,92,671,Departure Delay 15 min or less,Arrival Delay 15 min or less
14,1,4/14/14,AS,SJC,"San Jose, CA",California,SEA,"Seattle, WA",WA,1540,-3,0,5,-7,119,115,100,697,Departure Delay 15 min or less,Arrival Delay 15 min or less
10,5,1/10/14,OO,SFO,"San Francisco, CA",California,SEA,"Seattle, WA",WA,1650,4,0,7,-4,131,123,107,679,Departure Delay 15 min or less,Arrival Delay 15 min or less
18,6,1/18/14,AS,SFO,"San Francisco, CA",California,SEA,"Seattle, WA",WA,2100,-6,0,4,-12,118,112,91,679,Departure Delay 15 min or less,Arrival Delay 15 min or less
17,1,2/17/14,AS,SFO,"San Francisco, CA",California,SEA,"Seattle, WA",WA,1730,-11,0,9,0,118,129,104,679,Departure Delay 15 min or less,Arrival Delay 15 min or less
28,5,3/28/14,WN,OAK,"Oakland, CA",California,SEA,"Seattle, WA",WA,1150,10,0,6,3,115,108,92,671,Departure Delay 15 min or less,Arrival Delay 15 min or less
17,1,2/17/14,WN,OAK,"Oakland, CA",California,SEA,"Seattle, WA",WA,1210,25,1,3,11,120,106,97,671,Departure Delay more than 15 min,Arrival Delay 15 min or less
30,4,1/30/14,OO,SFO,"San Francisco, CA",California,SEA,"Seattle, WA",WA,1403,34,1,5,27,131,124,99,679,Departure Delay more than 15 min,Arrival Delay more than 15 min
4,2,2/4/14,AS,SJC,"San Jose, CA",California,SEA,"Seattle, WA",WA,1010,-3,0,9,6,120,129,105,697,Departure Delay 15 min or less,Arrival Delay 15 min or less
30,3,4/30/14,AS,SJC,"San Jose, CA",California,SEA,"Seattle, WA",WA,1725,-6,0,6,-13,121,114,98,697,Departure Delay 15 min or less,Arrival Delay 15 min or less
16,4,1/16/14,UA,SFO,"San Francisco, CA",California,SEA,"Seattle, WA",WA,620,4,0,12,0,131,127,97,679,Departure Delay 15 min or less,Arrival Delay 15 min or less
30,3,4/30/14,AS,SFO,"San Francisco, CA",California,SEA,"Seattle, WA",WA,1400,-8,0,4,-25,129,112,94,679,Departure Delay 15 min or less,Arrival Delay 15 min or less
17,4,4/17/14,AS,SJC,"San Jose, CA",California,SEA,"Seattle, WA",WA,1540,7,0,7,-2,119,110,95,697,Departure Delay 15 min or less,Arrival Delay 15 min or less
23,7,3/23/14,AS,SFO,"San Francisco, CA",California,SEA,"Seattle, WA",WA,700,-7,0,4,5,118,130,101,679,Departure Delay 15 min or less,Arrival Delay 15 min or less
6,4,2/6/14,WN,OAK,"Oakland, CA",California,SEA,"Seattle, WA",WA,1405,66,1,5,60,115,109,96,671,Departure Delay more than 15 min,Arrival Delay more than 15 min
1,2,4/1/14,WN,OAK,"Oakland, CA",California,SEA,"Seattle, WA",WA,2050,24,1,4,19,115,110,96,671,Departure Delay more than 15 min,Arrival Delay more than 15 min
5,3,3/5/14,OO,SFO,"San Francisco, CA",California,SEA,"Seattle, WA",WA,904,10,0,5,2,130,122,100,679,Departure Delay 15 min or less,Arrival Delay 15 min or less
14,2,1/14/14,AS,SFO,"San Francisco, CA",California,SEA,"Seattle, WA",WA,700,-12,0,6,-9,125,128,103,679,Departure Delay 15 min or less,Arrival Delay 15 min or less
15,3,1/15/14,OO,SFO,"San Francisco, CA",California,SEA,"Seattle, WA",WA,1650,7,0,8,7,131,131,108,679,Departure Delay 15 min or less,Arrival Delay 15 min or less
18,2,2/18/14,AS,SFO,"San Francisco, CA",California,SEA,"Seattle, WA",WA,1255,6,0,5,0,125,119,95,679,Departure Delay 15 min or less,Arrival Delay 15 min or less
5,7,1/5/14,WN,SJC,"San Jose, CA",California,SEA,"Seattle, WA",WA,1935,204,1,5,190,125,111,96,697,Departure Delay more than 15 min,Arrival Delay more than 15 min
21,5,2/21/14,AS,OAK,"Oakland, CA",California,SEA,"Seattle, WA",WA,955,-5,0,8,1,115,121,101,671,Departure Delay 15 min or less,Arrival Delay 15 min or less
17,4,4/17/14,WN,SJC,"San Jose, CA",California,SEA,"Seattle, WA",WA,1230,-6,0,6,-18,125,113,98,697,Departure Delay 15 min or less,Arrival Delay 15 min or less
10,4,4/10/14,UA,SFO,"San Francisco, CA",California,SEA,"Seattle, WA",WA,1937,-2,0,8,-21,137,118,92,679,Departure Delay 15 min or less,Arrival Delay 15 min or less
17,4,4/17/14,WN,OAK,"Oakland, CA",California,SEA,"Seattle, WA",WA,1100,-3,0,7,-12,115,106,88,671,Departure Delay 15 min or less,Arrival Delay 15 min or less
12,3,3/12/14,AS,SFO,"San Francisco, CA",California,SEA,"Seattle, WA",WA,1925,-4,0,8,3,116,123,99,679,Departure Delay 15 min or less,Arrival Delay 15 min or less
23,3,4/23/14,UA,SFO,"San Francisco, CA",California,SEA,"Seattle, WA",WA,2233,17,1,8,10,127,120,90,679,Departure Delay more than 15 min,Arrival Delay 15 min or less
1,6,3/1/14,UA,SFO,"San Francisco, CA",California,SEA,"Seattle, WA",WA,803,-6,0,6,-26,131,111,94,679,Departure Delay 15 min or less,Arrival Delay 15 min or less
16,3,4/16/14,UA,SFO,"San Francisco, CA",California,SEA,"Seattle, WA",WA,1937,11,0,8,4,137,130,102,679,Departure Delay 15 min or less,Arrival Delay 15 min or less
2,3,4/2/14,AS,SFO,"San Francisco, CA",California,SEA,"Seattle, WA",WA,1925,4,0,7,3,116,115,98,679,Departure Delay 15 min or less,Arrival Delay 15 min or less
5,7,1/5/14,OO,SFO,"San Francisco, CA",California,SEA,"Seattle, WA",WA,1605,2,0,10,-7,131,122,96,679,Departure Delay 15 min or less,Arrival Delay 15 min or less
27,4,2/27/14,AS,OAK,"Oakland, CA",California,SEA,"Seattle, WA",WA,1845,-9,0,6,-4,114,119,99,671,Departure Delay 15 min or less,Arrival Delay 15 min or less
20,4,2/20/14,AS,SJC,"San Jose, CA",California,SEA,"Seattle, WA",WA,1845,-9,0,7,-4,125,130,111,697,Departure Delay 15 min or less,Arrival Delay 15 min or less
16,3,4/16/14,WN,OAK,"Oakland, CA",California,SEA,"Seattle, WA",WA,1100,-6,0,6,1,115,122,106,671,Departure Delay 15 min or less,Arrival Delay 15 min or less
28,2,1/28/14,AS,SJC,"San Jose, CA",California,SEA,"Seattle, WA",WA,1720,-6,0,7,8,120,134,112,697,Departure Delay 15 min or less,Arrival Delay 15 min or less
23,4,1/23/14,WN,OAK,"Oakland, CA",California,SEA,"Seattle, WA",WA,1610,7,0,6,-6,120,107,95,672,Departure Delay 15 min or less,Arrival Delay 15 min or less
13,4,3/13/14,AS,OAK,"Oakland, CA",California,SEA,"Seattle, WA",WA,1245,-4,0,5,-4,109,109,96,671,Departure Delay 15 min or less,Arrival Delay 15 min or less
22,3,1/22/14,AS,SJC,"San Jose, CA",California,SEA,"Seattle, WA",WA,1845,-5,0,5,-7,125,123,110,697,Departure Delay 15 min or less,Arrival Delay 15 min or less
15,3,1/15/14,AS,SFO,"San Francisco, CA",California,SEA,"Seattle, WA",WA,915,46,1,8,44,125,123,100,679,Departure Delay more than 15 min,Arrival Delay more than 15 min
18,6,1/18/14,WN,SJC,"San Jose, CA",California,SEA,"Seattle, WA",WA,1315,1,0,3,-10,125,114,104,697,Departure Delay 15 min or less,Arrival Delay 15 min or less
6,1,1/6/14,UA,SFO,"San Francisco, CA",California,SEA,"Seattle, WA",WA,1943,23,1,7,4,131,112,91,679,Departure Delay more than 15 min,Arrival Delay 15 min or less
2,4,1/2/14,AS,SFO,"San Francisco, CA",California,SEA,"Seattle, WA",WA,1955,14,0,7,14,120,120,101,679,Departure Delay 15 min or less,Arrival Delay 15 min or less
3,4,4/3/14,VX,SFO,"San Francisco, CA",California,SEA,"Seattle, WA",WA,1155,-3,0,8,-10,120,113,94,679,Departure Delay 15 min or less,Arrival Delay 15 min or less
29,2,4/29/14,UA,SFO,"San Francisco, CA",California,SEA,"Seattle, WA",WA,600,-3,0,4,-11,131,123,104,679,Departure Delay 15 min or less,Arrival Delay 15 min or less
1,2,4/1/14,WN,SJC,"San Jose, CA",California,SEA,"Seattle, WA",WA,830,-1,0,6,-10,120,111,94,697,Departure Delay 15 min or less,Arrival Delay 15 min or less
13,7,4/13/14,UA,SFO,"San Francisco, CA",California,SEA,"Seattle, WA",WA,2233,9,0,8,-1,127,117,92,679,Departure Delay 15 min or less,Arrival Delay 15 min or less
27,1,1/27/14,VX,SFO,"San Francisco, CA",California,SEA,"Seattle, WA",WA,1615,-9,0,5,-14,125,120,106,679,Departure Delay 15 min or less,Arrival Delay 15 min or less
11,2,3/11/14,AS,SJC,"San Jose, CA",California,SEA,"Seattle, WA",WA,735,-8,0,5,-1,117,124,109,697,Departure Delay 15 min or less,Arrival Delay 15 min or less
25,5,4/25/14,UA,SFO,"San Francisco, CA",California,SEA,"Seattle, WA",WA,746,5,0,5,-10,131,116,92,679,Departure Delay 15 min or less,Arrival Delay 15 min or less
30,3,4/30/14,UA,SFO,"San Francisco, CA",California,SEA,"Seattle, WA",WA,1005,6,0,11,-10,130,114,91,679,Departure Delay 15 min or less,Arrival Delay 15 min or less
5,7,1/5/14,VX,SFO,"San Francisco, CA",California,SEA,"Seattle, WA",WA,1425,-2,0,6,-11,120,111,93,679,Departure Delay 15 min or less,Arrival Delay 15 min or less
18,2,3/18/14,WN,SJC,"San Jose, CA",California,SEA,"Seattle, WA",WA,2120,29,1,4,29,120,120,108,697,Departure Delay more than 15 min,Arrival Delay more than 15 min
3,5,1/3/14,VX,SFO,"San Francisco, CA",California,SEA,"Seattle, WA",WA,1425,3,0,7,9,120,126,108,679,Departure Delay 15 min or less,Arrival Delay 15 min or less
4,6,1/4/14,VX,SFO,"San Francisco, CA",California,SEA,"Seattle, WA",WA,1605,-2,0,7,-10,125,117,97,679,Departure Delay 15 min or less,Arrival Delay 15 min or less
11,5,4/11/14,UA,SFO,"San Francisco, CA",California,SEA,"Seattle, WA",WA,700,-5,0,8,-13,131,123,93,679,Departure Delay 15 min or less,Arrival Delay 15 min or less
26,3,3/26/14,UA,SFO,"San Francisco, CA",California,SEA,"Seattle, WA",WA,2252,25,1,6,18,123,116,96,679,Departure Delay more than 15 min,Arrival Delay more than 15 min
5,7,1/5/14,WN,OAK,"Oakland, CA",California,SEA,"Seattle, WA",WA,1640,40,1,9,32,120,112,93,672,Departure Delay more than 15 min,Arrival Delay more than 15 min
13,4,2/13/14,WN,OAK,"Oakland, CA",California,SEA,"Seattle, WA",WA,1210,30,1,4,23,120,113,101,671,Departure Delay more than 15 min,Arrival Delay more than 15 min
22,6,2/22/14,AS,SFO,"San Francisco, CA",California,SEA,"Seattle, WA",WA,2100,-7,0,6,-6,116,117,99,679,Departure Delay 15 min or less,Arrival Delay 15 min or less
11,2,3/11/14,AS,OAK,"Oakland, CA",California,SEA,"Seattle, WA",WA,620,-7,0,7,-1,119,125,99,671,Departure Delay 15 min or less,Arrival Delay 15 min or less
24,5,1/24/14,VX,SFO,"San Francisco, CA",California,SEA,"Seattle, WA",WA,1615,-6,0,8,-23,125,108,88,679,Departure Delay 15 min or less,Arrival Delay 15 min or less
7,1,4/7/14,UA,SFO,"San Francisco, CA",California,SEA,"Seattle, WA",WA,1538,102,1,5,83,131,112,90,679,Departure Delay more than 15 min,Arrival Delay more than 15 min
27,4,3/27/14,UA,SFO,"San Francisco, CA",California,SEA,"Seattle, WA",WA,700,-1,0,5,-2,133,132,99,679,Departure Delay 15 min or less,Arrival Delay 15 min or less
16,7,3/16/14,AS,SFO,"San Francisco, CA",California,SEA,"Seattle, WA",WA,700,-15,0,7,-13,118,120,97,679,Departure Delay 15 min or less,Arrival Delay 15 min or less
4,2,3/4/14,VX,SFO,"San Francisco, CA",California,SEA,"Seattle, WA",WA,2005,30,1,6,24,120,114,96,679,Departure Delay more than 15 min,Arrival Delay more than 15 min
17,1,2/17/14,VX,SFO,"San Francisco, CA",California,SEA,"Seattle, WA",WA,700,-6,0,7,-7,120,119,99,679,Departure Delay 15 min or less,Arrival Delay 15 min or less
24,4,4/24/14,AS,OAK,"Oakland, CA",California,SEA,"Seattle, WA",WA,620,-10,0,12,-7,119,122,94,671,Departure Delay 15 min or less,Arrival Delay 15 min or less
27,7,4/27/14,AS,SFO,"San Francisco, CA",California,SEA,"Seattle, WA",WA,700,-9,0,4,-5,120,124,101,679,Departure Delay 15 min or less,Arrival Delay 15 min or less
10,4,4/10/14,UA,SFO,"San Francisco, CA",California,SEA,"Seattle, WA",WA,1538,-3,0,9,-12,131,122,94,679,Departure Delay 15 min or less,Arrival Delay 15 min or less
11,2,2/11/14,AS,OAK,"Oakland, CA",California,SEA,"Seattle, WA",WA,620,-10,0,6,10,119,139,112,671,Departure Delay 15 min or less,Arrival Delay 15 min or less
20,4,3/20/14,UA,SFO,"San Francisco, CA",California,SEA,"Seattle, WA",WA,2107,5,0,10,-5,130,120,95,679,Departure Delay 15 min or less,Arrival Delay 15 min or less
5,7,1/5/14,AS,OAK,"Oakland, CA",California,SEA,"Seattle, WA",WA,620,-6,0,5,-6,119,119,101,672,Departure Delay 15 min or less,Arrival Delay 15 min or less
14,1,4/14/14,UA,SFO,"San Francisco, CA",California,SEA,"Seattle, WA",WA,1937,49,1,5,28,137,116,94,679,Departure Delay more than 15 min,Arrival Delay more than 15 min
20,4,3/20/14,AS,SFO,"San Francisco, CA",California,SEA,"Seattle, WA",WA,2100,-13,0,5,-11,113,115,91,679,Departure Delay 15 min or less,Arrival Delay 15 min or less
12,3,3/12/14,WN,OAK,"Oakland, CA",California,SEA,"Seattle, WA",WA,1925,6,0,5,-2,115,107,97,671,Departure Delay 15 min or less,Arrival Delay 15 min or less
25,6,1/25/14,AS,SFO,"San Francisco, CA",California,SEA,"Seattle, WA",WA,1255,19,1,3,11,123,115,95,679,Departure Delay more than 15 min,Arrival Delay 15 min or less
29,6,3/29/14,AS,SFO,"San Francisco, CA",California,SEA,"Seattle, WA",WA,1400,145,1,9,149,118,122,90,679,Departure Delay more than 15 min,Arrival Delay more than 15 min
10,4,4/10/14,WN,OAK,"Oakland, CA",California,SEA,"Seattle, WA",WA,1915,31,1,5,13,120,102,91,671,Departure Delay more than 15 min,Arrival Delay 15 min or less
14,5,3/14/14,WN,OAK,"Oakland, CA",California,SEA,"Seattle, WA",WA,910,-5,0,9,-7,120,118,99,671,Departure Delay 15 min or less,Arrival Delay 15 min or less
19,6,4/19/14,AS,OAK,"Oakland, CA",California,SEA,"Seattle, WA",WA,1845,25,1,7,21,115,111,96,671,Departure Delay more than 15 min,Arrival Delay more than 15 min
30,7,3/30/14,AS,OAK,"Oakland, CA",California,SEA,"Seattle, WA",WA,1845,-5,0,7,-9,114,110,96,671,Departure Delay 15 min or less,Arrival Delay 15 min or less
12,6,4/12/14,AS,SFO,"San Francisco, CA",California,SEA,"Seattle, WA",WA,915,-10,0,5,-15,122,117,99,679,Departure Delay 15 min or less,Arrival Delay 15 min or less
17,1,3/17/14,WN,OAK,"Oakland, CA",California,SEA,"Seattle, WA",WA,1150,21,1,4,22,115,116,105,671,Departure Delay more than 15 min,Arrival Delay more than 15 min
15,3,1/15/14,WN,SJC,"San Jose, CA",California,SEA,"Seattle, WA",WA,710,15,1,3,4,125,114,104,697,Departure Delay 15 min or less,Arrival Delay 15 min or less
29,6,3/29/14,WN,SJC,"San Jose, CA",California,SEA,"Seattle, WA",WA,1405,4,0,4,-7,120,109,95,697,Departure Delay 15 min or less,Arrival Delay 15 min or less
3,5,1/3/14,WN,SJC,"San Jose, CA",California,SEA,"Seattle, WA",WA,740,7,0,3,-4,130,119,109,697,Departure Delay 15 min or less,Arrival Delay 15 min or less
13,1,1/13/14,UA,SFO,"San Francisco, CA",California,SEA,"Seattle, WA",WA,1053,-1,0,7,-1,131,131,102,679,Departure Delay 15 min or less,Arrival Delay 15 min or less
21,5,2/21/14,UA,SFO,"San Francisco, CA",California,SEA,"Seattle, WA",WA,1105,1,0,5,-8,130,121,101,679,Departure Delay 15 min or less,Arrival Delay 15 min or less
21,1,4/21/14,AS,SFO,"San Francisco, CA",California,SEA,"Seattle, WA",WA,915,-12,0,3,-29,122,105,86,679,Departure Delay 15 min or less,Arrival Delay 15 min or less
16,4,1/16/14,AS,OAK,"Oakland, CA",California,SEA,"Seattle, WA",WA,955,-8,0,9,0,115,123,96,672,Departure Delay 15 min or less,Arrival Delay 15 min or less
11,2,3/11/14,WN,OAK,"Oakland, CA",California,SEA,"Seattle, WA",WA,2050,-5,0,5,-18,115,102,92,671,Departure Delay 15 min or less,Arrival Delay 15 min or less
5,7,1/5/14,UA,SFO,"San Francisco, CA",California,SEA,"Seattle, WA",WA,1333,56,1,9,49,127,120,92,679,Departure Delay more than 15 min,Arrival Delay more than 15 min
23,7,3/23/14,WN,OAK,"Oakland, CA",California,SEA,"Seattle, WA",WA,1150,10,0,6,7,115,112,97,671,Departure Delay 15 min or less,Arrival Delay 15 min or less
13,4,3/13/14,AS,SFO,"San Francisco, CA",California,SEA,"Seattle, WA",WA,700,-20,0,5,-18,118,120,99,679,Departure Delay 15 min or less,Arrival Delay 15 min or less
31,5,1/31/14,VX,SFO,"San Francisco, CA",California,SEA,"Seattle, WA",WA,1615,-4,0,6,-8,125,121,104,679,Departure Delay 15 min or less,Arrival Delay 15 min or less
8,6,3/8/14,UA,SFO,"San Francisco, CA",California,SEA,"Seattle, WA",WA,700,-5,0,7,-15,134,124,101,679,Departure Delay 15 min or less,Arrival Delay 15 min or less
6,1,1/6/14,UA,SFO,"San Francisco, CA",California,SEA,"Seattle, WA",WA,2306,10,0,6,-3,132,119,95,679,Departure Delay 15 min or less,Arrival Delay 15 min or less
11,2,2/11/14,UA,SFO,"San Francisco, CA",California,SEA,"Seattle, WA",WA,806,-7,0,6,-1,134,140,109,679,Departure Delay 15 min or less,Arrival Delay 15 min or less
29,3,1/29/14,AS,SJC,"San Jose, CA",California,SEA,"Seattle, WA",WA,1510,5,0,5,-5,124,114,100,697,Departure Delay 15 min or less,Arrival Delay 15 min or less
29,3,1/29/14,OO,SFO,"San Francisco, CA",California,SEA,"Seattle, WA",WA,1403,102,1,7,81,131,110,93,679,Departure Delay more than 15 min,Arrival Delay more than 15 min
6,4,3/6/14,AS,SJC,"San Jose, CA",California,SEA,"Seattle, WA",WA,1510,-8,0,6,-10,120,118,104,697,Departure Delay 15 min or less,Arrival Delay 15 min or less
16,7,2/16/14,UA,SFO,"San Francisco, CA",California,SEA,"Seattle, WA",WA,1610,0,0,6,-7,126,119,100,679,Departure Delay 15 min or less,Arrival Delay 15 min or less
4,2,2/4/14,AS,SFO,"San Francisco, CA",California,SEA,"Seattle, WA",WA,1950,-11,0,8,-3,120,128,101,679,Departure Delay 15 min or less,Arrival Delay 15 min or less
4,2,3/4/14,AS,SFO,"San Francisco, CA",California,SEA,"Seattle, WA",WA,915,29,1,6,23,122,116,100,679,Departure Delay more than 15 min,Arrival Delay more than 15 min
9,3,4/9/14,UA,SFO,"San Francisco, CA",California,SEA,"Seattle, WA",WA,2058,13,0,10,2,126,115,93,679,Departure Delay 15 min or less,Arrival Delay 15 min or less
4,6,1/4/14,VX,SFO,"San Francisco, CA",California,SEA,"Seattle, WA",WA,700,4,0,6,14,125,135,109,679,Departure Delay 15 min or less,Arrival Delay 15 min or less
18,2,2/18/14,VX,SFO,"San Francisco, CA",California,SEA,"Seattle, WA",WA,1205,18,1,8,11,120,113,93,679,Departure Delay more than 15 min,Arrival Delay 15 min or less
20,7,4/20/14,WN,OAK,"Oakland, CA",California,SEA,"Seattle, WA",WA,905,-4,0,5,-20,120,104,92,671,Departure Delay 15 min or less,Arrival Delay 15 min or less
7,5,2/7/14,UA,SFO,"San Francisco, CA",California,SEA,"Seattle, WA",WA,1934,5,0,7,8,132,135,102,679,Departure Delay 15 min or less,Arrival Delay 15 min or less
20,4,3/20/14,AS,SJC,"San Jose, CA",California,SEA,"Seattle, WA",WA,1845,-7,0,5,-13,120,114,99,697,Departure Delay 15 min or less,Arrival Delay 15 min or less
2,3,4/2/14,VX,SFO,"San Francisco, CA",California,SEA,"Seattle, WA",WA,1605,-9,0,4,-23,125,111,99,679,Departure Delay 15 min or less,Arrival Delay 15 min or less
18,2,2/18/14,VX,SFO,"San Francisco, CA",California,SEA,"Seattle, WA",WA,700,-3,0,6,-11,120,112,96,679,Departure Delay 15 min or less,Arrival Delay 15 min or less
7,5,3/7/14,AS,SFO,"San Francisco, CA",California,SEA,"Seattle, WA",WA,1950,-3,0,7,3,117,123,100,679,Departure Delay 15 min or less,Arrival Delay 15 min or less
20,4,2/20/14,WN,OAK,"Oakland, CA",California,SEA,"Seattle, WA",WA,1210,2,0,4,-5,120,113,102,671,Departure Delay 15 min or less,Arrival Delay 15 min or less
10,1,2/10/14,WN,SJC,"San Jose, CA",California,SEA,"Seattle, WA",WA,710,-2,0,5,6,125,133,110,697,Departure Delay 15 min or less,Arrival Delay 15 min or less
2,7,3/2/14,WN,SJC,"San Jose, CA",California,SEA,"Seattle, WA",WA,2135,21,1,4,-2,135,112,101,697,Departure Delay more than 15 min,Arrival Delay 15 min or less
11,5,4/11/14,VX,SFO,"San Francisco, CA",California,SEA,"Seattle, WA",WA,700,-1,0,7,-8,120,113,94,679,Departure Delay 15 min or less,Arrival Delay 15 min or less
21,2,1/21/14,UA,SFO,"San Francisco, CA",California,SEA,"Seattle, WA",WA,806,-4,0,7,-23,134,115,93,679,Departure Delay 15 min or less,Arrival Delay 15 min or less
23,3,4/23/14,WN,SJC,"San Jose, CA",California,SEA,"Seattle, WA",WA,2000,55,1,5,46,130,121,106,697,Departure Delay more than 15 min,Arrival Delay more than 15 min
5,7,1/5/14,OO,SFO,"San Francisco, CA",California,SEA,"Seattle, WA",WA,805,1,0,6,-1,130,128,101,679,Departure Delay 15 min or less,Arrival Delay 15 min or less
26,6,4/26/14,VX,SFO,"San Francisco, CA",California,SEA,"Seattle, WA",WA,1155,-5,0,6,-7,120,118,102,679,Departure Delay 15 min or less,Arrival Delay 15 min or less
22,2,4/22/14,WN,OAK,"Oakland, CA",California,SEA,"Seattle, WA",WA,620,-1,0,6,-18,125,108,94,671,Departure Delay 15 min or less,Arrival Delay 15 min or less
18,2,3/18/14,WN,OAK,"Oakland, CA",California,SEA,"Seattle, WA",WA,1925,7,0,5,6,115,114,101,671,Departure Delay 15 min or less,Arrival Delay 15 min or less
26,3,2/26/14,WN,SJC,"San Jose, CA",California,SEA,"Seattle, WA",WA,825,-2,0,6,-30,130,102,87,697,Departure Delay 15 min or less,Arrival Delay 15 min or less
19,3,3/19/14,AS,SJC,"San Jose, CA",California,SEA,"Seattle, WA",WA,735,-4,0,6,-3,117,118,102,697,Departure Delay 15 min or less,Arrival Delay 15 min or less
29,2,4/29/14,AS,SFO,"San Francisco, CA",California,SEA,"Seattle, WA",WA,2020,-8,0,18,-5,116,119,91,679,Departure Delay 15 min or less,Arrival Delay 15 min or less
12,6,4/12/14,AS,SJC,"San Jose, CA",California,SEA,"Seattle, WA",WA,630,-1,0,4,4,119,124,108,697,Departure Delay 15 min or less,Arrival Delay 15 min or less
3,1,3/3/14,AS,OAK,"Oakland, CA",California,SEA,"Seattle, WA",WA,620,-6,0,3,-10,119,115,94,671,Departure Delay 15 min or less,Arrival Delay 15 min or less
31,5,1/31/14,AS,SJC,"San Jose, CA",California,SEA,"Seattle, WA",WA,1845,-5,0,6,-3,125,127,113,697,Departure Delay 15 min or less,Arrival Delay 15 min or less
26,6,4/26/14,UA,SFO,"San Francisco, CA",California,SEA,"Seattle, WA",WA,1800,-6,0,4,-20,137,123,102,679,Departure Delay 15 min or less,Arrival Delay 15 min or less
14,2,1/14/14,UA,SFO,"San Francisco, CA",California,SEA,"Seattle, WA",WA,620,-2,0,5,-3,131,130,102,679,Departure Delay 15 min or less,Arrival Delay 15 min or less
25,5,4/25/14,UA,SFO,"San Francisco, CA",California,SEA,"Seattle, WA",WA,2058,62,1,7,62,126,126,98,679,Departure Delay more than 15 min,Arrival Delay more than 15 min
1,2,4/1/14,WN,OAK,"Oakland, CA",California,SEA,"Seattle, WA",WA,630,-2,0,7,-14,120,108,92,671,Departure Delay 15 min or less,Arrival Delay 15 min or less
2,7,3/2/14,UA,SFO,"San Francisco, CA",California,SEA,"Seattle, WA",WA,2057,58,1,7,39,131,112,93,679,Departure Delay more than 15 min,Arrival Delay more than 15 min
20,4,3/20/14,AS,SFO,"San Francisco, CA",California,SEA,"Seattle, WA",WA,1255,-10,0,8,0,115,125,97,679,Departure Delay 15 min or less,Arrival Delay 15 min or less
18,2,2/18/14,AS,SFO,"San Francisco, CA",California,SEA,"Seattle, WA",WA,1435,-7,0,5,-20,125,112,93,679,Departure Delay 15 min or less,Arrival Delay 15 min or less
19,7,1/19/14,AS,SFO,"San Francisco, CA",California,SEA,"Seattle, WA",WA,915,-9,0,6,-19,125,115,95,679,Departure Delay 15 min or less,Arrival Delay 15 min or less
7,5,3/7/14,AS,SJC,"San Jose, CA",California,SEA,"Seattle, WA",WA,1010,-9,0,8,-2,120,127,108,697,Departure Delay 15 min or less,Arrival Delay 15 min or less
7,1,4/7/14,WN,OAK,"Oakland, CA",California,SEA,"Seattle, WA",WA,1550,2,0,4,0,110,108,98,671,Departure Delay 15 min or less,Arrival Delay 15 min or less
6,4,3/6/14,AS,SFO,"San Francisco, CA",California,SEA,"Seattle, WA",WA,1730,-3,0,8,9,118,130,107,679,Departure Delay 15 min or less,Arrival Delay 15 min or less
25,2,2/25/14,UA,SFO,"San Francisco, CA",California,SEA,"Seattle, WA",WA,2256,-3,0,8,-10,123,116,84,679,Departure Delay 15 min or less,Arrival Delay 15 min or less
29,3,1/29/14,AS,SJC,"San Jose, CA",California,SEA,"Seattle, WA",WA,1720,-9,0,4,-11,120,118,101,697,Departure Delay 15 min or less,Arrival Delay 15 min or less
8,6,2/8/14,UA,SFO,"San Francisco, CA",California,SEA,"Seattle, WA",WA,620,-3,0,7,-21,134,116,97,679,Departure Delay 15 min or less,Arrival Delay 15 min or less
13,4,2/13/14,AS,SFO,"San Francisco, CA",California,SEA,"Seattle, WA",WA,1730,-5,0,7,-4,118,119,99,679,Departure Delay 15 min or less,Arrival Delay 15 min or less
26,3,2/26/14,WN,OAK,"Oakland, CA",California,SEA,"Seattle, WA",WA,1210,98,1,6,88,120,110,87,671,Departure Delay more than 15 min,Arrival Delay more than 15 min
9,7,3/9/14,AS,OAK,"Oakland, CA",California,SEA,"Seattle, WA",WA,620,-8,0,10,-13,119,114,90,671,Departure Delay 15 min or less,Arrival Delay 15 min or less
26,7,1/26/14,AS,SJC,"San Jose, CA",California,SEA,"Seattle, WA",WA,630,62,1,9,58,120,116,98,697,Departure Delay more than 15 min,Arrival Delay more than 15 min
17,1,3/17/14,AS,OAK,"Oakland, CA",California,SEA,"Seattle, WA",WA,1245,0,0,4,3,109,112,99,671,Departure Delay 15 min or less,Arrival Delay 15 min or less
7,5,3/7/14,WN,OAK,"Oakland, CA",California,SEA,"Seattle, WA",WA,1840,12,0,11,4,130,122,102,671,Departure Delay 15 min or less,Arrival Delay 15 min or less
29,2,4/29/14,WN,OAK,"Oakland, CA",California,SEA,"Seattle, WA",WA,1100,19,1,6,24,115,120,94,671,Departure Delay more than 15 min,Arrival Delay more than 15 min
18,2,2/18/14,UA,SFO,"San Francisco, CA",California,SEA,"Seattle, WA",WA,1105,-4,0,9,4,130,138,100,679,Departure Delay 15 min or less,Arrival Delay 15 min or less
24,1,3/24/14,UA,SFO,"San Francisco, CA",California,SEA,"Seattle, WA",WA,1905,4,0,9,-11,128,113,88,679,Departure Delay 15 min or less,Arrival Delay 15 min or less
4,5,4/4/14,AS,SFO,"San Francisco, CA",California,SEA,"Seattle, WA",WA,1600,-18,0,5,-6,118,130,101,679,Departure Delay 15 min or less,Arrival Delay 15 min or less
15,6,2/15/14,AS,OAK,"Oakland, CA",California,SEA,"Seattle, WA",WA,1845,12,0,6,6,114,108,91,671,Departure Delay 15 min or less,Arrival Delay 15 min or less
28,5,2/28/14,AS,SJC,"San Jose, CA",California,SEA,"Seattle, WA",WA,1720,-12,0,8,-15,120,117,93,697,Departure Delay 15 min or less,Arrival Delay 15 min or less
24,4,4/24/14,VX,SFO,"San Francisco, CA",California,SEA,"Seattle, WA",WA,1155,20,1,4,16,120,116,93,679,Departure Delay more than 15 min,Arrival Delay more than 15 min
4,6,1/4/14,AS,SFO,"San Francisco, CA",California,SEA,"Seattle, WA",WA,915,9,0,5,2,125,118,98,679,Departure Delay 15 min or less,Arrival Delay 15 min or less
1,2,4/1/14,AS,SJC,"San Jose, CA",California,SEA,"Seattle, WA",WA,1845,7,0,6,0,120,113,98,697,Departure Delay 15 min or less,Arrival Delay 15 min or less
16,7,3/16/14,WN,OAK,"Oakland, CA",California,SEA,"Seattle, WA",WA,2050,56,1,5,48,115,107,91,671,Departure Delay more than 15 min,Arrival Delay more than 15 min
22,6,3/22/14,AS,OAK,"Oakland, CA",California,SEA,"Seattle, WA",WA,1245,-6,0,5,-6,109,109,96,671,Departure Delay 15 min or less,Arrival Delay 15 min or less
20,4,3/20/14,WN,SJC,"San Jose, CA",California,SEA,"Seattle, WA",WA,2120,30,1,3,22,120,112,100,697,Departure Delay more than 15 min,Arrival Delay more than 15 min
24,1,3/24/14,WN,SJC,"San Jose, CA",California,SEA,"Seattle, WA",WA,830,-3,0,5,-11,120,112,98,697,Departure Delay 15 min or less,Arrival Delay 15 min or less
1,6,3/1/14,AS,SJC,"San Jose, CA",California,SEA,"Seattle, WA",WA,1720,32,1,4,30,120,118,105,697,Departure Delay more than 15 min,Arrival Delay more than 15 min
18,6,1/18/14,UA,SFO,"San Francisco, CA",California,SEA,"Seattle, WA",WA,620,-2,0,8,-8,131,125,94,679,Departure Delay 15 min or less,Arrival Delay 15 min or less
16,7,2/16/14,AS,OAK,"Oakland, CA",California,SEA,"Seattle, WA",WA,1845,27,1,8,39,114,126,105,671,Departure Delay more than 15 min,Arrival Delay more than 15 min
19,7,1/19/14,UA,SFO,"San Francisco, CA",California,SEA,"Seattle, WA",WA,1934,-6,0,10,-16,129,119,98,679,Departure Delay 15 min or less,Arrival Delay 15 min or less
16,3,4/16/14,UA,SFO,"San Francisco, CA",California,SEA,"Seattle, WA",WA,1538,-4,0,6,-9,131,126,98,679,Departure Delay 15 min or less,Arrival Delay 15 min or less
11,5,4/11/14,AS,SFO,"San Francisco, CA",California,SEA,"Seattle, WA",WA,1400,50,1,7,38,129,117,91,679,Departure Delay more than 15 min,Arrival Delay more than 15 min
4,2,2/4/14,WN,SJC,"San Jose, CA",California,SEA,"Seattle, WA",WA,710,0,0,7,4,125,129,111,697,Departure Delay 15 min or less,Arrival Delay 15 min or less
20,7,4/20/14,UA,SFO,"San Francisco, CA",California,SEA,"Seattle, WA",WA,2058,-4,0,11,-13,126,117,91,679,Departure Delay 15 min or less,Arrival Delay 15 min or less
22,2,4/22/14,AS,SJC,"San Jose, CA",California,SEA,"Seattle, WA",WA,1540,-6,0,8,0,119,125,105,697,Departure Delay 15 min or less,Arrival Delay 15 min or less
28,2,1/28/14,VX,SFO,"San Francisco, CA",California,SEA,"Seattle, WA",WA,700,-4,0,6,-5,120,119,100,679,Departure Delay 15 min or less,Arrival Delay 15 min or less
23,7,2/23/14,AS,SFO,"San Francisco, CA",California,SEA,"Seattle, WA",WA,1015,-4,0,8,-3,122,123,98,679,Departure Delay 15 min or less,Arrival Delay 15 min or less
26,3,2/26/14,UA,SFO,"San Francisco, CA",California,SEA,"Seattle, WA",WA,1607,26,1,10,13,127,114,84,679,Departure Delay more than 15 min,Arrival Delay 15 min or less
22,2,4/22/14,VX,SFO,"San Francisco, CA",California,SEA,"Seattle, WA",WA,700,-5,0,6,-11,120,114,93,679,Departure Delay 15 min or less,Arrival Delay 15 min or less
6,7,4/6/14,AS,OAK,"Oakland, CA",California,SEA,"Seattle, WA",WA,1845,-3,0,6,0,115,118,103,671,Departure Delay 15 min or less,Arrival Delay 15 min or less
26,6,4/26/14,UA,SFO,"San Francisco, CA",California,SEA,"Seattle, WA",WA,600,36,1,8,37,131,132,109,679,Departure Delay more than 15 min,Arrival Delay more than 15 min
16,7,3/16/14,AS,SFO,"San Francisco, CA",California,SEA,"Seattle, WA",WA,1925,-10,0,5,-18,116,108,88,679,Departure Delay 15 min or less,Arrival Delay 15 min or less
23,7,2/23/14,AS,SFO,"San Francisco, CA",California,SEA,"Seattle, WA",WA,700,-8,0,4,3,120,131,104,679,Departure Delay 15 min or less,Arrival Delay 15 min or less
7,2,1/7/14,AS,SJC,"San Jose, CA",California,SEA,"Seattle, WA",WA,1850,-10,0,6,-6,120,124,107,697,Departure Delay 15 min or less,Arrival Delay 15 min or less
16,4,1/16/14,WN,SJC,"San Jose, CA",California,SEA,"Seattle, WA",WA,710,2,0,7,1,125,124,103,697,Departure Delay 15 min or less,Arrival Delay 15 min or less
19,3,3/19/14,WN,OAK,"Oakland, CA",California,SEA,"Seattle, WA",WA,1555,12,0,6,9,110,107,93,671,Departure Delay 15 min or less,Arrival Delay 15 min or less
2,4,1/2/14,VX,SFO,"San Francisco, CA",California,SEA,"Seattle, WA",WA,700,-4,0,3,-18,125,111,99,679,Departure Delay 15 min or less,Arrival Delay 15 min or less
15,2,4/15/14,UA,SFO,"San Francisco, CA",California,SEA,"Seattle, WA",WA,1937,-1,0,6,-4,137,134,104,679,Departure Delay 15 min or less,Arrival Delay 15 min or less
17,1,3/17/14,AS,OAK,"Oakland, CA",California,SEA,"Seattle, WA",WA,1845,22,1,7,22,114,114,98,671,Departure Delay more than 15 min,Arrival Delay more than 15 min
28,5,3/28/14,VX,SFO,"San Francisco, CA",California,SEA,"Seattle, WA",WA,1155,-5,0,4,-17,120,108,95,679,Departure Delay 15 min or less,Arrival Delay 15 min or less
30,4,1/30/14,VX,SFO,"San Francisco, CA",California,SEA,"Seattle, WA",WA,2005,-5,0,9,-2,120,123,99,679,Departure Delay 15 min or less,Arrival Delay 15 min or less
3,4,4/3/14,VX,SFO,"San Francisco, CA",California,SEA,"Seattle, WA",WA,1605,3,0,6,-6,125,116,100,679,Departure Delay 15 min or less,Arrival Delay 15 min or less
22,6,2/22/14,AS,SFO,"San Francisco, CA",California,SEA,"Seattle, WA",WA,915,-4,0,5,-6,122,120,103,679,Departure Delay 15 min or less,Arrival Delay 15 min or less
20,7,4/20/14,UA,SFO,"San Francisco, CA",California,SEA,"Seattle, WA",WA,1327,-4,0,7,-26,133,111,91,679,Departure Delay 15 min or less,Arrival Delay 15 min or less
17,1,2/17/14,VX,SFO,"San Francisco, CA",California,SEA,"Seattle, WA",WA,2005,2,0,6,4,120,122,106,679,Departure Delay 15 min or less,Arrival Delay 15 min or less
10,4,4/10/14,UA,SFO,"San Francisco, CA",California,SEA,"Seattle, WA",WA,700,-7,0,9,-13,131,125,95,679,Departure Delay 15 min or less,Arrival Delay 15 min or less
12,6,4/12/14,AS,SFO,"San Francisco, CA",California,SEA,"Seattle, WA",WA,2020,-9,0,4,2,116,127,102,679,Departure Delay 15 min or less,Arrival Delay 15 min or less
16,3,4/16/14,UA,SFO,"San Francisco, CA",California,SEA,"Seattle, WA",WA,700,-9,0,7,4,131,144,107,679,Departure Delay 15 min or less,Arrival Delay 15 min or less
21,1,4/21/14,AS,SJC,"San Jose, CA",California,SEA,"Seattle, WA",WA,1540,3,0,8,-12,119,104,89,697,Departure Delay 15 min or less,Arrival Delay 15 min or less
20,7,4/20/14,AS,SFO,"San Francisco, CA",California,SEA,"Seattle, WA",WA,2100,-5,0,3,-8,116,113,90,679,Departure Delay 15 min or less,Arrival Delay 15 min or less
19,6,4/19/14,VX,SFO,"San Francisco, CA",California,SEA,"Seattle, WA",WA,2025,-6,0,9,-6,120,120,102,679,Departure Delay 15 min or less,Arrival Delay 15 min or less
6,4,3/6/14,WN,OAK,"Oakland, CA",California,SEA,"Seattle, WA",WA,1410,6,0,5,-9,120,105,93,671,Departure Delay 15 min or less,Arrival Delay 15 min or less
23,7,3/23/14,AS,SJC,"San Jose, CA",California,SEA,"Seattle, WA",WA,1540,-9,0,5,-7,114,116,102,697,Departure Delay 15 min or less,Arrival Delay 15 min or less
23,4,1/23/14,OO,SFO,"San Francisco, CA",California,SEA,"Seattle, WA",WA,905,20,1,9,53,130,163,107,679,Departure Delay more than 15 min,Arrival Delay more than 15 min
24,1,3/24/14,AS,OAK,"Oakland, CA",California,SEA,"Seattle, WA",WA,1845,8,0,6,-1,114,105,90,671,Departure Delay 15 min or less,Arrival Delay 15 min or less
8,3,1/8/14,OO,SFO,"San Francisco, CA",California,SEA,"Seattle, WA",WA,905,0,0,7,-4,130,126,102,679,Departure Delay 15 min or less,Arrival Delay 15 min or less
24,5,1/24/14,OO,SFO,"San Francisco, CA",California,SEA,"Seattle, WA",WA,905,-8,0,8,-17,130,121,90,679,Departure Delay 15 min or less,Arrival Delay 15 min or less
13,7,4/13/14,AS,SJC,"San Jose, CA",California,SEA,"Seattle, WA",WA,1725,-14,0,9,-13,121,122,102,697,Departure Delay 15 min or less,Arrival Delay 15 min or less
25,2,3/25/14,AS,SFO,"San Francisco, CA",California,SEA,"Seattle, WA",WA,2100,8,0,9,33,113,138,97,679,Departure Delay 15 min or less,Arrival Delay more than 15 min
22,3,1/22/14,WN,OAK,"Oakland, CA",California,SEA,"Seattle, WA",WA,1145,0,0,5,-2,120,118,104,672,Departure Delay 15 min or less,Arrival Delay 15 min or less
10,4,4/10/14,UA,SFO,"San Francisco, CA",California,SEA,"Seattle, WA",WA,1645,0,0,10,-17,133,116,93,679,Departure Delay 15 min or less,Arrival Delay 15 min or less
26,7,1/26/14,VX,SFO,"San Francisco, CA",California,SEA,"Seattle, WA",WA,1615,3,0,6,-1,125,121,104,679,Departure Delay 15 min or less,Arrival Delay 15 min or less
7,1,4/7/14,WN,OAK,"Oakland, CA",California,SEA,"Seattle, WA",WA,1150,-2,0,10,-5,115,112,91,671,Departure Delay 15 min or less,Arrival Delay 15 min or less
11,2,3/11/14,WN,OAK,"Oakland, CA",California,SEA,"Seattle, WA",WA,1555,12,0,5,9,110,107,95,671,Departure Delay 15 min or less,Arrival Delay 15 min or less
12,3,2/12/14,UA,SFO,"San Francisco, CA",California,SEA,"Seattle, WA",WA,1050,6,0,6,-3,131,122,97,679,Departure Delay 15 min or less,Arrival Delay 15 min or less
6,4,2/6/14,UA,SFO,"San Francisco, CA",California,SEA,"Seattle, WA",WA,2234,-6,0,5,1,126,133,102,679,Departure Delay 15 min or less,Arrival Delay 15 min or less
25,6,1/25/14,WN,OAK,"Oakland, CA",California,SEA,"Seattle, WA",WA,1345,3,0,5,-13,125,109,95,672,Departure Delay 15 min or less,Arrival Delay 15 min or less
13,7,4/13/14,AS,SFO,"San Francisco, CA",California,SEA,"Seattle, WA",WA,2100,8,0,10,30,116,138,93,679,Departure Delay 15 min or less,Arrival Delay more than 15 min
19,3,3/19/14,AS,OAK,"Oakland, CA",California,SEA,"Seattle, WA",WA,1845,-11,0,9,-13,114,112,92,671,Departure Delay 15 min or less,Arrival Delay 15 min or less
21,2,1/21/14,AS,OAK,"Oakland, CA",California,SEA,"Seattle, WA",WA,620,-7,0,11,-7,117,117,93,672,Departure Delay 15 min or less,Arrival Delay 15 min or less
27,7,4/27/14,AS,OAK,"Oakland, CA",California,SEA,"Seattle, WA",WA,1245,25,1,8,41,112,128,105,671,Departure Delay more than 15 min,Arrival Delay more than 15 min
1,2,4/1/14,AS,OAK,"Oakland, CA",California,SEA,"Seattle, WA",WA,1000,-4,0,6,-6,115,113,94,671,Departure Delay 15 min or less,Arrival Delay 15 min or less
20,7,4/20/14,AS,OAK,"Oakland, CA",California,SEA,"Seattle, WA",WA,620,-8,0,8,-4,119,123,94,671,Departure Delay 15 min or less,Arrival Delay 15 min or less
21,5,2/21/14,WN,SJC,"San Jose, CA",California,SEA,"Seattle, WA",WA,825,0,0,6,-10,130,120,105,697,Departure Delay 15 min or less,Arrival Delay 15 min or less
2,3,4/2/14,AS,OAK,"Oakland, CA",California,SEA,"Seattle, WA",WA,620,-10,0,6,-2,119,127,100,671,Departure Delay 15 min or less,Arrival Delay 15 min or less
5,7,1/5/14,AS,SFO,"San Francisco, CA",California,SEA,"Seattle, WA",WA,915,4,0,4,-8,125,113,95,679,Departure Delay 15 min or less,Arrival Delay 15 min or less
11,2,2/11/14,WN,OAK,"Oakland, CA",California,SEA,"Seattle, WA",WA,1145,42,1,3,44,120,122,104,671,Departure Delay more than 15 min,Arrival Delay more than 15 min
5,6,4/5/14,AS,SFO,"San Francisco, CA",California,SEA,"Seattle, WA",WA,700,-7,0,6,6,118,131,110,679,Departure Delay 15 min or less,Arrival Delay 15 min or less
18,6,1/18/14,AS,SJC,"San Jose, CA",California,SEA,"Seattle, WA",WA,630,-2,0,13,2,120,124,102,697,Departure Delay 15 min or less,Arrival Delay 15 min or less
17,1,3/17/14,AS,SFO,"San Francisco, CA",California,SEA,"Seattle, WA",WA,2100,-3,0,8,4,113,120,99,679,Departure Delay 15 min or less,Arrival Delay 15 min or less
27,7,4/27/14,UA,SFO,"San Francisco, CA",California,SEA,"Seattle, WA",WA,1105,-1,0,7,11,131,143,99,679,Departure Delay 15 min or less,Arrival Delay 15 min or less
25,2,3/25/14,AS,SFO,"San Francisco, CA",California,SEA,"Seattle, WA",WA,1925,18,1,6,19,116,117,96,679,Departure Delay more than 15 min,Arrival Delay more than 15 min
27,4,3/27/14,AS,SFO,"San Francisco, CA",California,SEA,"Seattle, WA",WA,1255,-5,0,5,-1,115,119,100,679,Departure Delay 15 min or less,Arrival Delay 15 min or less
1,2,4/1/14,VX,SFO,"San Francisco, CA",California,SEA,"Seattle, WA",WA,1155,-5,0,10,4,120,129,90,679,Departure Delay 15 min or less,Arrival Delay 15 min or less
23,4,1/23/14,AS,OAK,"Oakland, CA",California,SEA,"Seattle, WA",WA,955,-10,0,4,-2,115,123,105,672,Departure Delay 15 min or less,Arrival Delay 15 min or less
12,3,2/12/14,OO,SFO,"San Francisco, CA",California,SEA,"Seattle, WA",WA,905,6,0,8,0,130,124,96,679,Departure Delay 15 min or less,Arrival Delay 15 min or less
29,3,1/29/14,UA,SFO,"San Francisco, CA",California,SEA,"Seattle, WA",WA,2234,4,0,6,1,123,120,90,679,Departure Delay 15 min or less,Arrival Delay 15 min or less
8,6,2/8/14,AS,SJC,"San Jose, CA",California,SEA,"Seattle, WA",WA,630,-2,0,4,-10,120,112,99,697,Departure Delay 15 min or less,Arrival Delay 15 min or less
29,2,4/29/14,VX,SFO,"San Francisco, CA",California,SEA,"Seattle, WA",WA,745,-5,0,5,-8,120,117,99,679,Departure Delay 15 min or less,Arrival Delay 15 min or less
25,2,3/25/14,VX,SFO,"San Francisco, CA",California,SEA,"Seattle, WA",WA,1155,-2,0,7,-14,120,108,91,679,Departure Delay 15 min or less,Arrival Delay 15 min or less
3,4,4/3/14,UA,SFO,"San Francisco, CA",California,SEA,"Seattle, WA",WA,1937,-4,0,4,-27,137,114,93,679,Departure Delay 15 min or less,Arrival Delay 15 min or less
28,5,2/28/14,AS,SFO,"San Francisco, CA",California,SEA,"Seattle, WA",WA,700,-5,0,4,15,120,140,89,679,Departure Delay 15 min or less,Arrival Delay 15 min or less
11,2,3/11/14,WN,SJC,"San Jose, CA",California,SEA,"Seattle, WA",WA,830,4,0,4,10,120,126,114,697,Departure Delay 15 min or less,Arrival Delay 15 min or less
27,4,3/27/14,AS,SFO,"San Francisco, CA",California,SEA,"Seattle, WA",WA,1925,13,0,4,31,116,134,106,679,Departure Delay 15 min or less,Arrival Delay more than 15 min
21,2,1/21/14,AS,SJC,"San Jose, CA",California,SEA,"Seattle, WA",WA,1845,-2,0,7,-5,125,122,100,697,Departure Delay 15 min or less,Arrival Delay 15 min or less
22,6,2/22/14,UA,SFO,"San Francisco, CA",California,SEA,"Seattle, WA",WA,2256,0,0,4,-6,123,117,98,679,Departure Delay 15 min or less,Arrival Delay 15 min or less
17,1,3/17/14,WN,SJC,"San Jose, CA",California,SEA,"Seattle, WA",WA,2120,15,1,4,13,120,118,106,697,Departure Delay 15 min or less,Arrival Delay 15 min or less
26,3,3/26/14,AS,SFO,"San Francisco, CA",California,SEA,"Seattle, WA",WA,1255,123,1,5,135,115,127,100,679,Departure Delay more than 15 min,Arrival Delay more than 15 min
9,7,3/9/14,WN,OAK,"Oakland, CA",California,SEA,"Seattle, WA",WA,910,-3,0,15,-11,120,112,89,671,Departure Delay 15 min or less,Arrival Delay 15 min or less
13,4,2/13/14,AS,SFO,"San Francisco, CA",California,SEA,"Seattle, WA",WA,1950,18,1,8,24,117,123,102,679,Departure Delay more than 15 min,Arrival Delay more than 15 min
11,5,4/11/14,AS,OAK,"Oakland, CA",California,SEA,"Seattle, WA",WA,1000,-3,0,5,-15,115,103,89,671,Departure Delay 15 min or less,Arrival Delay 15 min or less
18,2,2/18/14,OO,SFO,"San Francisco, CA",California,SEA,"Seattle, WA",WA,1424,-4,0,5,-23,131,112,100,679,Departure Delay 15 min or less,Arrival Delay 15 min or less
10,5,1/10/14,WN,OAK,"Oakland, CA",California,SEA,"Seattle, WA",WA,855,8,0,7,7,120,119,105,672,Departure Delay 15 min or less,Arrival Delay 15 min or less
12,6,4/12/14,AS,SFO,"San Francisco, CA",California,SEA,"Seattle, WA",WA,700,-3,0,5,-8,120,115,96,679,Departure Delay 15 min or less,Arrival Delay 15 min or less
24,1,3/24/14,WN,OAK,"Oakland, CA",California,SEA,"Seattle, WA",WA,2050,1,0,5,-16,115,98,87,671,Departure Delay 15 min or less,Arrival Delay 15 min or less